wallet,normalized_score
0x49b357c9acaa84a0cb978571b642b825e964b2cc,100.0
0x389135c984febdbb310adaf23a690dc28c8fa62b,99.97474438927418
0x6555e1cc97d3cba6eaddebbcd7ca51d75771e0b8,99.96906164940263
0x3f3e7cd8be447aeb65c05eb6596b03e8c8627803,99.86326020257489
0x339cec7dfec9c95bae4e445e4af87de8c89313cf,99.6851490716864
0xbc0c33fff2888a499a519a641a91f9d7dd270b71,99.60482594080199
0x4758a12fb01dc7cad5741246b9e2eb59ae1ef38b,99.57221398239568
0x7db7da086318462a46327b8f2d46f457008cc111,99.55742556695277
0x0fccef1c29deddb1e2a007ee9c1edf63149aa6b3,99.42821574590148
0xbc77738aa2ede049edac45a8a9a443c5415e6b7a,99.38457730644647
0x52405eff99dd4c2015463dc511573344f2e2e8d7,99.35726811193783
0x9a550b9faca1480be496e09d62324b754da14c45,99.3322249873887
0xd03ff5274e6ff0b43cee31cafe1c40324fe5d33c,99.28437699773905
0x4846e45c101a8339be5489167f5aba5fcbf37bca,99.17723518842988
0x7185fbff199928cbae71990ecb3cc4a7be2ff00a,99.16723109516377
0x0489076a0d17394835af93cd62acff703b6814a9,99.12552039611504
0x26868de5c3ae8f03adc6a5ba231445feba8b8bab,99.08289017232705
0x6efd5dbb3e3c96c4c8bc7376aae263d1c0e7f532,98.89029785122557
0xd7fbfb25e4e9e1950d68fef0dc72ab0f09de55b3,98.84943513224572
0x83bf595cc28722b5c4f9b34dedba90778a8fcb80,98.77783277469095
0x4d25819e9de2a2eeeddca953d1ef0182680a7054,98.75104130183445
0x7c6e177d9613bbbc80557816a19a342136b24654,98.69878821595151
0x17e33637f6b64e9082ea499481b6e6ebae7eea23,98.67294598174836
0xa1932d804e85ae3b80a2a47446e98e51d65d877e,98.56611498321591
0x4bb6d52a4420492c5d90f22fa92ff80ab481d961,98.37606032089788
0x2a62253e49e0f0224a6da25fc2a15beecad8d065,98.30973669995173
0xa456da10f3cb6116110c61d0e9a150a6406d1a15,98.29751330741544
0xab61719309bf30cda379b45ac33326b24261f956,98.05473409596797
0x1b1ef65bb57862c88fb3ca5aaab8746791928485,97.99366805931832
0x99cd4625a58c27df7616fd4e5caba5803a875cfd,97.98227845181337
0xf55868968409401ec70e3527c3dc50335ee27f4e,97.97498234680216
0x1f427a6fcdb95a7393c58552093e10a932890fa8,97.95134964561515
0xa057722e85988e6f58f5d02b7fdb1f630729e6c3,97.77362403162792
0xd998171b51dede5bb420228f8ca6e349daf0fd62,97.49958411942904
0xd3069c9e486a8b77add55ae3ceb3a4b138fb76c7,97.49788368351653
0x1af47c8e253ea38d13938e530801c1ff7a1c5a1f,97.42941401094245
0xe0273391e1ef99e63216535b65739ab9154bc887,97.42271476446066
0x3c5ed6bb48acad7ad3cfc92ca86259d06c918dd0,97.4030938709938
0xd8595ac2836b7a8040f046e751b42088436b6365,97.3171428544294
0x7bacf22f747f2f4b983081c0aa76dddfecd008ab,97.28946658304756
0x794ad3af58b56522b80aa7e9bc04f042c55d5b2f,97.22346613295187
0xe641a5a9f35fd6ae40a42932c6d2cc34f7db34b2,97.17074394878499
0x797f63620e62dbc83a5bc88c6a43494ded428cbe,97.11872837173169
0x7fbe66206e5eb811173af1317bfa2a7838f4c270,97.08830640914002
0xe2ac7b18ff15335b550b5b595f5e14864fd26e0c,96.96334758948531
0x3e03e274eb8c770d95b849230cb8087e192ee311,96.92792574856468
0x358b532b553aa29eb0295ad72fa2c1ff528c8c82,96.85532923769048
0x9ebcb75c803b4f905ca178346acc35d39d6048b0,96.72227872542133
0x197a78fe1bd3bbb64c1325c027bde8f67bac1770,96.70753074196764
0x124e1fafcadc2c017a17b4bbbbfff3867b7dee35,96.60203648823172
0x628b42cf8f4b2457b5c8f87607a8ff11570fd4e5,96.58525273227764
0xafe609643934ea392b8c400db474d6419234d64c,96.56044930591928
0xcf23abf7047685fb020ea16ee4feea3a195edcff,96.50467360908259
0x357bad6590cd50599e5c624947cacd917f6d96f9,96.46974488099832
0x5445f987ff43fe2b2c31b86ebfc585a3d6b02120,96.31294969758896
0xc1852f917835a9f2f97112672bc5c8afd1f21dc3,96.24391641195182
0xd4c80637f45a55b5e1afa9cd0c935395063d4523,96.1426252028904
0x7bb389db8484fc975778993befe2cc44b6e05f4a,95.99650232338234
0xac63313600e87da91eb4ff50ab3ad2c2a053aa22,95.90764593548009
0x52a77dcf83cf38f62f6857bb01c5c3c8ae11f4af,95.84561985326563
0x298afe764ceade43ba80ac4390195e8d9451d6ef,95.84269406439249
0x5081891d84cf21beeb950b59e445406328c61aee,95.80882725302116
0x7a222200f9be6d645c9650b34f3cecb9cfbb897b,95.7866748824534
0xc95be28595eb64485dac63ad14f15e41c94ee468,95.77644840276427
0xf11d95bd4c18e4a792cd3ffb581e2c30890724a3,95.68737923117688
0x86e3209766b078527f77969f8013bec5dcdebaa4,95.64110905981933
0xca125321e0a8a60d882f1b38fb7077aaa8eaf53b,95.5481278947368
0x5e41408192ccb2be827e5d0d5f6ca1c5e1513131,95.53736766202994
0x1c0a8dd3c93f348a25f8ab4dc9a98f1d11b66d5c,95.50163394334223
0xf1f0c294d247e8691d1118a86ccc669da3c75ca8,95.49359221443865
0xbf7faf866f2a4a003216fa224fe75bd2737d86ff,95.42332720893407
0x848769e27677cf08059581befdb65f4af3d69b82,95.39711700919122
0x9c6d67c5fd1f78c3daee702b9a59183c0f4a9d17,95.37771672739831
0x4e4c6caebfcf69a3cd6c6e8aaf4d0e9233c7c875,95.3559630306976
0x30887fc55cbfad3487cb55bfe1779f6d2ba1c118,95.30481857195153
0x3bab311d8386cc6ee340bf9dc54deacc7b73ea5c,95.29912126255455
0xae3f684105ad37dc49d8ae316a32fe9eef583a81,95.22349400729337
0xa218a8346454c982912cf6d14c714663c2d510d8,95.2202555932242
0xe0819c89815a3376e2a9a02d77e4e4a8c8387adb,95.20472238196768
0x77feecc45fa31f2639d4c1cee0ccbf138387d79b,95.15109160350664
0xe5dd78c224f26e306c84a9b1aa2def30bdf15835,95.12501848192782
0x0c0b74126f0d4868750911d18ca74a174247ada6,95.11729543197012
0xf6ad502ac34cc67f3a86b4e6a4ea802409b0af28,95.09460243077676
0xdc95913ea736a669f9518dc58b90b5d7ea2c8c8a,94.98762894369595
0x22b660f6e6a007acea649acd028a8d057c15620c,94.97878950717599
0x78dd172718512aa63629a526543ace1ad73e105f,94.92850253792649
0x3e7dd7df9c1ffd12b8ecd94a27472bdc4d87ab7e,94.92747421061497
0x003c52a71c887461087154eccced08cb1c5384a5,94.90060746994975
0x37acfef331e6063c8507c2a69c97b4f78c770a5a,94.8935948788142
0x289c23cd7cacafd4bfee6344ef376fa14f1bf42d,94.89354249304675
0x90acd0fd2aa57ceb17bea4b9a7c95071d94c5ef0,94.87537232112983
0x8101bf01b2ad8e96f5645c4228a5eba18b6951af,94.86584778160594
0x56fe14a30aad9595b5fc05fa7922403cb6c2951a,94.73413601391667
0xa1872b9b494556777d2b3ac5e699cf7fb377bafc,94.65418330245956
0x7e07df4494d448171991604cca6ff9f4fa187178,94.62905439927076
0x1238b65555ebc62a386e54f7a4bfb84fe7d82a14,94.611766166585
0xaf9e08f3020e624c945cc446e8759602049cb176,94.60437125791725
0xb32b2fb57152a6091fba9fb4803e2df0097c55b4,94.59961750070867
0xff5269e8ae6a9f2ff2a93c770fd35f8ce71712f8,94.56261159209556
0x49153cbd5b0c516d1320bc42b48c73548b73b678,94.49385121363024
0x2f47eb00b241eccce85f369a024742186920e111,94.47095203009718
0x311bf6e6b6d416a808adf524b2fba791bf257e19,94.46062949779642
0x2871b76c348e12b88a28cef388d37326e85e2fec,94.45554536558366
0xab95a0fb53df696a492a93f30fa126bde2493043,94.4138488050546
0x35e283f461a9ca2e3a5765e72815c8d1dcb66ad6,94.31886189020851
0x012c5450b22a626a810d376d5519878a914c3f2b,94.30614014840715
0x4a02314976a755cc5b7b2482f25170714e903a30,94.25609066220653
0x24e09f0b6e050754a9ddee77d867a786a38339dd,94.24995760247235
0x35d3da57064d2f5ec5f0824caaa839a43026bd41,94.2033812508472
0x6316ff9d2c96b6b122e0dd632ab5831e0bf5bd10,94.20055370258015
0x800c443d4fc0048d2f4a83d64cdec93a824be745,94.18964579655366
0x18ab13f62635bec69fcc1d2ce3dbe5e0bdef1b99,94.18683406863228
0xcdb785569b4b5b7832af497e911ea893181bdb74,94.16234173517941
0x285d23ea20ab8138e63889669b091704a1787278,94.07442012856852
0x6ec25e69f054d97d652044d2d014fca9e4d15614,94.06718779737552
0xa7615cd307f323172331865181dc8b80a2834324,94.0533366546763
0x334ff7580ee92bb13d744cd309925560877122a1,94.0482561763644
0xd7925984736824b4aecf8301c9aee211cd976494,93.9554934742332
0x043e318a6c11970e3f7950dff7bf51657337db2c,93.91073146506218
0x425d16b0e08a28a3ff9e4404ae99d78c0a076c5a,93.88429002751253
0xa16946a605ddb755d3a5774b6124f97fed1bd1e3,93.81517809387591
0x61ad994108a0d4b8a2dc60129362ffa62342bbd2,93.81307417757374
0x2ef0fa1afc0ed0e9d4f01d3d8eb6930fbdd1c4d2,93.79153567834979
0xfa540b8242565c014773ced9f0c45bfdd0ed1a8f,93.75541448633095
0x40e652fe0ec7329dc80282a6db8f03253046efde,93.74762479336493
0xf3ae4bb5691b9d45461cdcdd4becb0c9986a3237,93.71664128019911
0x6a06a5ed081990f4313c03aabc70f5874aa43f89,93.71622667385444
0x3c2cb7943e7d0e42e55de96983a34a732dbb7816,93.67308367507202
0x9dfac9bbe1119da5dcdd7b095db40920cde878ef,93.65793050141133
0x03e3702d91098350d057ded0a05095f703bba2e7,93.64880401548018
0x53c404d148a5c7c164e259f07a87429ad79c00e6,93.61918728876859
0x26b46c62a7ef0a545b8ce0f6f972da9394661bc9,93.61407413462204
0x2b354cfa9170febc4829d499af094c70c7920334,93.56207079164822
0xd19604efb40ece1efd6df5de6d3892112b51e99a,93.49548508337841
0xb678853c57b94da8e6ffbf0e792e9c31788d84a2,93.46686024668912
0x053b7f29bc6d95182f0e54efc86549938878647e,93.4364983261015
0xbbd6d2181d9ebcd98421cd336ace3db6984f4cdb,93.4053316628032
0xc18926cb21791bfbc2c8b5b80fdfe68a6757d819,93.38244521568228
0x4adaeef3521509a73d6f71177c4ee2cdd184b734,93.36277196031253
0xa574c53d63550e535c8b78f0e2a33bbe3c56ef2b,93.35196287938501
0x58df55d6ab2db99d440241a607d91898b9ffd046,93.34815360076358
0xc7c37b0c7af5af560bf31b0bcbfec04b97361275,93.34369967556184
0x3f94cd5967d3ca52f9f6df503779eef92b7805a5,93.2987715799465
0xea1b3a8fc8342590eb955f1a4194c007189b3159,93.29409441924507
0x9b4e28020b94b28f9f09ede87f588e89c283cffd,93.28788826286181
0x26d8f0909a9bb3a1758024c90e8fd87f5d24d65f,93.28534126347495
0xc1ad79ab00b3f63577ca653cdfda344e9847d4d0,93.27797417511243
0xaa666dd5b7db78516a812b772fe5c1d67c66f270,93.26775777582533
0xe5c3f63f8621b75fb6c4148180e265a75f5d2995,93.25334975638039
0x248d09b842142ed5e4ec79d95e62baa46bfb7738,93.23834805730947
0xd96e30349c431a458926d4664b4f8be97c35043b,93.19365512906353
0x5d6f8cda086a0837cdaf10e941f3d1d5e3e5531a,93.17956257579802
0xc2dc96ce8fa3eb81477925a20f238911e5f5ff71,93.17552737300514
0x84443f61efc60d10da9f9a2398980cd5748394bb,93.16251866842858
0xc8bef1a50119389ae31d2e426f7c71bf8cc10def,93.15218293150176
0x9a7e2093092762d8c4caf2a947064d6762bc8c6a,93.14802502392429
0x0276dece5594a6db72e044c85488519a18f9e462,93.14738699130726
0xb79dd7a1fd1298b13771055c0bac2f215f4a13dd,93.12756786759378
0x3861a3c9c3362a5276ea59be4707ce5700b9c304,93.10259718118958
0x8ec1675d89c4ff8579e461d593700292b9967b46,93.09653705572416
0xa1fb07d9f100365b62c3913bf4cf1c6ede950be3,93.05614261597889
0x5a92bc71ff2cee03202db6b625cb074d588344bb,93.04271060853199
0x3f70d4927adfad26eb7b1574eea7939d347d902b,93.00348681638381
0x14478ecfe5e29ea623d324039d04f2da22d14a5d,92.99110128233092
0x7d957aa56820212bbd4c7667ad5e3e39215048a3,92.98101964767982
0x6954644f7dae221ddb66eb59793ce5b6c0e2eec4,92.98030707883858
0xbd0310dcb5678a02a6268526cce1c907e674ba8e,92.97308014211173
0x83671580fd3ea9a970747df985e36f048fc3cdb9,92.95512182659571
0x52feb9bf6f37bbd01309515feec062632f5ccb2b,92.88136618206417
0x8577b84527ced5d2d9f299dc6027a9e049c17d6c,92.8723036418833
0xfb57672844380e3a8352fb34869ce7bb03f81e6a,92.84547485287428
0x20aec996ce9d508a7f51b2a217bf6a87b6be0ef1,92.83726574406575
0x3b1702a55188b818cb67c2446a370a86e5451244,92.81186718525704
0x6c8a3edf2bae56fe85ee46ee108adf99b49e9288,92.7939620902101
0xe0eeec7010ac9f74a947d70d43173d6765844768,92.78335945605916
0x4ae0dbd5c700c64faaf85678fc1fcdf6aba5c5dd,92.7576592748714
0x54f987c0a786031357427211046d9e7ef61f3891,92.7106094368618
0xc64de5e0f97c21606e1f31426eb5c98ab729c08e,92.70997003173395
0xc9c50b55c3085606ff05c70ac8cbaf26240891ae,92.70566252053658
0x1658a95d08bc44111a93f7afcab8444b7e8dc0c7,92.68946577361864
0xb0804b6dbe7159bddc1b6c9c00c796d94eee1858,92.68127363862611
0xa03143e4cb76e40a19885c5c6cf2964417acc394,92.66392711360753
0x7fd6558b81ae5e2153f0ec30bbe5d22268f17e7b,92.65312558376661
0x63c410a066d5d12217b713ccac5f600a06ba45e6,92.63393828245198
0xb6317af995693789900f85b2d93d1dd0f5deb558,92.59046065228912
0x825d634b9d22da526ceebda4fb7ad4d373cfe2ba,92.5625007614876
0x13dc08f5ddbcbfdf6ebc04c909c3052a2aa7a111,92.53104129609068
0x134d7706f8f542f611a785cf30c693df302f4f24,92.5163467227296
0xb579d4f1546d51980499aa96a2e411be3e449197,92.50088646035896
0x2b19fde5d7377b48be50a5d0a78398a496e8b15c,92.46704461139825
0xcd967d373a32e7edbbade887d5abd9bdf61de504,92.46286707073142
0xb2ec4683e634899a82f9b5d6abf1aa22fe219a83,92.4572691891009
0xafcdc9b44b3d9725d9bffd6c0b4b58c37d197490,92.45241600131531
0x23d9ca8328b8630c08f72501bf3950462f3f5456,92.43264837160031
0x5d47e5d242a8f66a6286b0a2353868875f5d6068,92.41727818848446
0xb6cf25f5cf8a1e1727d988facdd47f1dfc492caf,92.40664839863915
0x0118289457e9fd02c05e37e27a11bd09d3500021,92.38936420591804
0xe0bdfb7abb21b4203d25e6b27029a9d423e4f2cc,92.38521301961644
0xa4fc82338d3753065d3a81652d5d73600855b2bf,92.38146190324541
0xc209cc607c81ca7d8c0bfca7bfd6144c74a7e238,92.38045448994015
0x96c8e2a1eab72eea758b6694fb2217c4118bb803,92.37910293110093
0xf0ab8776883df3bbda2c8f27b2dce8b3609d88a4,92.36895024185408
0x07326cbe4792e8e3c1f61c66fefee8253eb2db0c,92.35973895934833
0x09a0da7289a60809992d819530833f4053124090,92.34799244314993
0xe1478cbf115c2d6bec1572e0e6a43a2dfadca15a,92.31446862267661
0x6cbbd5d5e3f71280a568823adee4b18cc1be5e32,92.31427558322983
0x0ae3a4258ce1b9b53d74f6f390c14c4010c81ad0,92.3080260421441
0x479cb37b53d5eb04b6a337ac3d2ea447619eb87e,92.29914463400925
0x0d5926184e886db1a736d88f0fb257be3f99ebd5,92.25483644555172
0x35e86d472d1a2e37b9dbaab9677230605c6624b0,92.23626298009418
0x3566974231473a3456d2305fea0bb0944d2ed698,92.20744267489856
0xcb9b091ded976546a20a409823dd6f5f092ffd86,92.20319202691478
0x8f56ce34d90141e3ba9d78f43bbc80b510de3e9b,92.19910810241107
0xe826cf83f03732ea35eaf4cd9627d57529feca4b,92.19750557225642
0xb2d77604d28ecbd4484065cc1e8b16b77ef5c5cc,92.18372751451489
0xb0e1088863f02b7edf67324d02d5093de9b19e0c,92.16792484055561
0xceb9e948ce562b3b3eaa2495e39841a62815a524,92.167381440473
0xa526ec38e974785d3be42ec23f9c2a2dd849e085,92.15417503494848
0x083674408a89ccbb0fc9653cf93a1de0b017a2e2,92.12820787697942
0xbfb7a43169b206e34d582f86c34e80347d170e2e,92.08010090905537
0x7e915cf29c5568e41493a4cd58e8519c1266e5da,92.00589308542335
0xaef23ca0ebdfa98c036e724df028572bf89251e9,91.97608891669653
0x5f72c7ca304679b07c527dd0f245f76b5d62ce61,91.94708858476855
0xa9bbd5b83ffc706342555e4a38c9c06b2e7441e5,91.93783567349772
0x2c99d50eb4daa1d26b5ba0b1daab58cbfc0ac3e6,91.93663589555239
0xe98604413c217ea6f0f338506d9903815cd231ad,91.93662255817617
0x1558598e2e613b8bc1a904afd240b18a91a03495,91.92722649044032
0x3e0cf03f718520f30300266dcf4db50ba12d3331,91.9234370896742
0x515d82a74a9aade721801da71fd35f09799cffaf,91.9124560915021
0x7409956e1d10a00ea425722565790e2c77c40ad2,91.9049598916205
0x0618e076e4fe252b1b73a83c239289dc12055ea3,91.8959148539756
0x586b3f34e90668aee4ffbd94e7ba143552fa70e5,91.89038801095619
0xfdd43923340736ffbcb31c808ac644922c1df05d,91.81822669126541
0x0808898d835d51d720e384e8a856a2c671e78f21,91.77740197008842
0x2c07f38c56ee3a2c2233224b838a6b5035a2694d,91.7737285019814
0xdbc9454541a32fc0cc1b76cfc674a76aab6233a9,91.77346456982663
0xae3c67b8aa12e458f2b4eafc0e9209710582c9d3,91.76447936212358
0x69c51ef78fa71b314623bdfe920d19c03e47d853,91.74906176018521
0x818f3fa1008b355a85e9f78004ca09ce3e8e5e1d,91.73621626428827
0xf1394140fe0982e40fa9a9846e7c5b0842cece56,91.73118057952023
0xbf83e6e40162c655f2ded3431b7b31307275ac95,91.72276229743541
0x8985aebdb1adf244f1f3f8ad9ff89b8a045b5319,91.72135371813802
0x22fd8facff29b66738ab35e4eec70bb6207389e8,91.71844700873383
0x1954c8cd151de0d0946fcc1e8a97545f711e2380,91.66316696385184
0x3b38df411221126688b7ca4cd3b5c08144e558e5,91.63864314183843
0xd6449ac214275493a8205e58107b1ee19353840e,91.62053318007383
0x7c65eeefff2b7127df173b43b7c93b93ab75c7e7,91.6113829178356
0xd38849fa99901d9c949e2508b104350131fb11bb,91.5832603722032
0x57aeda024fdbc8e1ce19cb9a628ca39747e3661f,91.56276254004328
0x1e105686de9d256eb107e1c25114088076199bde,91.55856395612675
0x8e5f314bef229024e317a2cbff843b56f87fb7d0,91.53447456995207
0xba333f8ff556bf35d38e102a98daf1c5f6d9d708,91.52732466936301
0x2fe55ecd0813821a209a944888206cc4dafcbe17,91.47036105459314
0xea398010f27e03b33cb022d076a41978561e845d,91.46502005313832
0x0ba43bae4613e03492e4c17af3b014b6c3202b9d,91.45911135379835
0x009b56330ae5ec5042b9ca46ddb3043cc0d006f3,91.44597116964417
0x17076e27c23eb7afb9f5b555aae97fe06fc84e68,91.44310118707754
0xe586c8ccb29944f458104c7acbe4ca48122da895,91.42764407438113
0xd84e11bee5d555ccd905817cb8cbbd5b6e6c4f0d,91.41480141074477
0xaf4d7e7b9deba33b7ae57d08bd8eae8ab55d8254,91.39298040645113
0xf9c5384c9711dfd958e27856fb4640a8ad660def,91.37746327354739
0x6cfce9d4c30ba3210a3018a4e9a928715d836207,91.31972898852774
0xf8012ade1ec196aa06dd991119d75edc59cc7768,91.29056727879714
0x1b1bc8b714737c8456a0590d307d73da2a4d9249,91.28114947845697
0x17d0cc96e6538b52f16c3ed03a2d3e6dd91bc50e,91.27782501584963
0xc28e23e7d7d6cc0c9c6f08146c71e7d168cae45a,91.241643178357
0x76328440d2e9ccc4a27244b09b2b3b21ca51f896,91.23203626130214
0x268a1b7ecc1fe1fab1ee32a7e61e3b7810bad4a5,91.23200965812207
0x549750e6b5b40e627365bdcf7f7780dbfde113a4,91.21129320947831
0xcdebcf59ee33978320ca2ebcd433ace6144c63c4,91.20948089785486
0x410c8568c94f707008bb7a5afd36421b0cf6c307,91.19913227223839
0x033e9b12438f95cdbe9170f313367f4c614c5fd4,91.18023465994092
0x58f39ef71b86974268647df973b998baec7dcb28,91.17928603625403
0x19f45ea63b9d9b864ae2eee603e7b106df875754,91.14932875431712
0x988136bc3201ce5f8c9b8c1501c0664f96dd0a3c,91.11016899514914
0x92be89852867b06d8f77e110d95e7e5dad2f5359,91.10978058538521
0xd7bda9d89e4a518f376442393086b9798b3ac743,91.0841424863597
0xcb71eb21f53a2f4de0f26dc90518df10be13d1ec,91.0440936247691
0x502cb8985b2c92a8d4bf309cdaa89de9be442708,91.01993651158841
0x9d11b1e1445b017902e561ceb201f009b3d53a42,91.01687711282722
0x7044a3e6bf3baf4f0d2f8884a2ee4e2d838f8902,90.99659552504883
0xb3d4a0e65b139089de480612df634df342a34695,90.99015986676258
0x2d0b80e668c4ab4f90a912eb21cf292175f64838,90.98636049477055
0xc373decd953ed7e4fd78f4c39aa41a44448fb6f1,90.96970110509766
0x59eb9490e65680eee103736e489b35ef57a3125d,90.96952297553253
0x4d42307abb9b2fc8b822d564bc05c505946de1c3,90.96938737046402
0x911809517285207390bcba7a73c717cdd6138bc0,90.94760575080689
0xff4e2d7169d7d56f8b41c63592fa919b4d1b0165,90.94566739567937
0xa4b5173309ac878db01dcea2b230cdcbc2cf6312,90.94220787162635
0xf48ea2e715a3fd6af43dfc3800a3da9ae785d3da,90.93299288120716
0x4272d4cad0582720d2c328b8377d5ab5311c636b,90.90718515057604
0x856b762d46274ef1d696103e5fb2af2afee91ecb,90.84675762630937
0x7284a8451d9a0e7dc62b3a71c0593ea2ec5c5638,90.81425685975965
0x4b2acb5a7fcfee322ce3cd8344ea466954fde7db,90.74474840033706
0x4c77ca7ff8e548806fdc88e4dfa8ea1e493a450a,90.72980543641116
0x8cd7c0cafbd36d17e034497c0b472e28ecc970d3,90.72612646168996
0x34456a0a60af4afd40b20430e19bae1f3338504f,90.7187617634867
0xb4f82c737969262514458b802cc578cbf95430ee,90.69763317006411
0x0e194541c0edaa8f4305bc1f313eaa1d30dba966,90.67977062302532
0x57db5d6aa783cf29af41330569d24957140fd3eb,90.6751586802588
0x474a89f2c8d20788f80dc2f9d09411c43fa2df2b,90.64794941818755
0xd5c1e107e2e7cca9ed66a1b3fa0bed5c80f9ae0d,90.6436865686954
0x23732c68e444c09fca1c139d9e90a58217560224,90.64211769539706
0xfddc634939d034bda830fb7929e115747ebd9574,90.63265722659459
0x15ac14c5997e76322ed32ae54335ff284e6f92dd,90.62507050141282
0x68995e1d2830c8d3c5c5434eecdf286589dbedd9,90.60354081842827
0xc64737eae97ae7cfd95b40ff690f50d01b92ed6d,90.57576027097811
0xb58f9800f74fea404b58f94ca3685d97e4fdfbed,90.52073750523837
0xc1c5a7273debae84b7b25e9429c78bf899e614e0,90.51907792225616
0x229229284c0ea7c2a898765a5652fc03f0e35293,90.4890528517455
0xb7f8a5bcf79b6bd38c7b2a650d6a3301dc6293cd,90.48204682332586
0x61117012f9fb63cf0e7c688c76bfc874db3c6874,90.41001588831811
0x7245386b3e4d58a34eabbc32879dd95f0df697ba,90.40308011363136
0x6365ca7eeac872310727dacebfd5c31fe9ebacea,90.39597592193127
0xe82941e727d84f99329b94381e67a94524963d05,90.38241356344967
0x972723ab7c0121f8182b5f19a0015959fa776794,90.33574572041671
0xbfc54c36fbd010d53975ef38e90462c1a7afdb60,90.33136869851256
0x08439047b3c1b1c6fc9a6c62a1daa191a19e79dd,90.32049960787572
0x47b2efa18736c6c211505aefd321bec3ac3e8779,90.30835206896451
0xd1c2df69261ce294f0f26423cac49dd2a5bd5cf1,90.30561992269998
0xb16ee2a981cce4c4c075b2bd9406d5074da02727,90.28082955115163
0x214efb44ae592fb436cf65a21c45ff7d638dc98e,90.26483696949981
0xd1aad7186a15f0619dde55d74bdde39df404ce9e,90.23495977936028
0x520ef574f275bb54bac66781834a3ee20e9b6e3c,90.22347954823027
0x21f79012dd2db02712e42b8146bf15f4f950e976,90.21363991271357
0x885fbc6e02db6b1d26de3f73e80ad7f1ddc10021,90.20362919016004
0xd894c048c27469ee7a573327382be9f4ce54414d,90.19458969372056
0x06a437b2afcd7b6261bc26399b30f0102eae3af0,90.19410632355974
0xeba6449d1a6336166e34b4ce84dd59406ab8647f,90.13841025986599
0xe1b0e71dfbf82eb2521ed94508e9b0b6eed6a634,90.13262605255356
0x72c9dbfb16ec69ca96284de891fa81fe92c63e36,90.11365571459822
0x57c41131600af2d0ea74d7a7ffab385063b89267,90.0977093118366
0x9b4c75ce8d7006620df39e8757ade75d6434a6fe,90.09568046964647
0xd8982cf39b93ca723ebbca49efd04d4777a9686b,90.08254061434035
0x1147359f0bee7e5e43e473a6d8fa11e79af0faa3,90.06379914115082
0x10df6a0cb091880a7285953b6e0415c696d53bee,90.04419433538217
0x6bd6655a5c379dbf4ae32f345319794700f22b56,90.03005240887191
0x5cb7290485dacee87e884dd751c4a3950fe41457,90.02327098793216
0x99a70bbde9d02d1855a0148b95962ba037f133ac,89.99412580157625
0x3173acd056c8d6bb3ec849d3f6ffa90b8fda208b,89.98514282133296
0x53cb1ddfefdd43a6a0f6f69ceac8f531b12bb780,89.98366112294998
0x61f9f97700d391d875fa14e020bd6f1e862ca10b,89.96149389911898
0xff2bbb591d9ee23259e3e95d931ee59a61b2212f,89.92205614031188
0x41bc5e34131559048b12006a5a8889b122a1d57a,89.89043036537373
0xe51c377490b46fb13863765570da529a7a1470e1,89.88056231840861
0x0f3c2476fbf0ed09dff00ea7f4ef252dcc72e6f1,89.86506784297347
0x3cc228f907bc37cbfdc1e415d2129d68aa3c4864,89.86474920926457
0xe565f48cee90c775d1a0c0fa6dbacfe22c406801,89.85674567040141
0x3083c46eb15cc0c087a03f60269edf1de8186f38,89.85023419600547
0xb435871b0959561226b4d903b1abf79528177e81,89.84942957170209
0xfed0ad8f3177e62b724516efb4220a211b41948c,89.84850217452451
0xb141936c797fb48714c37f9168d8dedd47975191,89.84833463706066
0xfa48030f5b42241ff3c3fe284766ab8b77dba08c,89.79855481992608
0x1929a0454cdd4d925e8fc9b6c366ecd7844866f2,89.75046439516345
0x10f363d941352887cd28d47e85e19e124ba5ffd5,89.74794099872048
0x3b8c618bfdded6544b27ef67cb71043b30655514,89.74779025363121
0xe4f60f6fe872d5b910e72a11d09cdcf3780d20db,89.74527991078786
0x89555a4f31b06faca197cdf60fd996f1ba783feb,89.73965189590945
0x2cdaedb560b5b1ade8804f891c0e0e083209758e,89.71281401304378
0x336a566f0cd19c3379676f8932f26c9b1b1aea66,89.70106297457586
0x64b3122c293e301f9f1dfda823bdc6395d924129,89.69980307480661
0x6d2af065ccb60c0f7e8ec5907c961c42a3447127,89.63594006956579
0x838b07f4304795cb5f9aa85dacf194765b3e469a,89.62008439208012
0x734e4c7dbc53aad51a993828c8b9009aee87196b,89.57309955091173
0x8877bcb2223682048badd5b09b7ee5a8fa2f3424,89.5595831712404
0x2db428a3b1241f7590b05045b233f97d94269e50,89.55098976014125
0xe15103fe6728f5176d39b2116291193420a8b08c,89.54183759712623
0x472dbf5a1b070f9efc2491cb3b98445e06599e21,89.46801127339286
0x4654f56a64301b9b582f843f97332d96ead11ff8,89.44534326557203
0x3b38a44e2c4902c4734c552dd38d1cd6f91cfb2f,89.42509606004707
0xeb97d37bb6cd268ddb25e67cfbb9b3f7468db46c,89.42478542969641
0x9ddc5b469e02cd486f8f77f3e8fe831468020085,89.42452398303969
0x80559932fa7cf2707b40f4541fcd93eec4ab4266,89.40237459129115
0x27b69c405d6c58f5dd83ef7e117355a4942014bd,89.39453505093353
0x41c7b33b8e7fec43e4f860f79c2a4314e3c54089,89.38256549572311
0x4e5ad6abfb732ea26920b8cb89da8fb33961dc44,89.37728137037719
0x17f780e07e5525c20bf5f22b6c650052fa8605ab,89.37107592028049
0x869a032b284481f4ad359ac75cd017eddee5c23c,89.36970655769795
0xcefe90cc777eca4c9303de0ed62b60d1b779ae4a,89.36107247870461
0x0c0d04ea8bd13d48ebdfef821dc937a1b5a39da0,89.34892994317937
0x0006e4548aed4502ec8c844567840ce6ef1013f5,89.34749974376132
0x985c0748a95d30ba0585dbc33c4c366a56be8ed3,89.33917038803939
0x4b3a7af8c712d2bd0068f012a9426d2dc1073d2c,89.31436941973756
0x1cd2eb4e9b2efaf76fc6637b5d3ce3498d5c5000,89.31203276841117
0x6f858d52ff946d3a4c91fe5a7cdc408212d17a1b,89.29711137117633
0x6d82dc3a4a2a2db99c841f44444642aafb329537,89.29098462234933
0x40d83d66673ec330c3cdb45b6ac9eb884d262a71,89.27731575140858
0x9d14f0096d3a7b5090b0e08860834684d48b021d,89.2766603847298
0x6f3deba69e2083020da61c38387636231bcb012d,89.2747731207288
0x8b221a3b1b2675ab9e836904fb55742dc57b32ba,89.26455499522234
0x76df523a0b0ad72db265a893b0bead827697955a,89.2572287607715
0x213353406af8bc04023e497a9997903509615718,89.2491390201418
0xe20ee1d250c8d3e0bd140306121001bfdc7a1201,89.23015217951144
0x0e532f71e574e0d2f421e381e4d1ae2c7097b7c8,89.21463021944831
0x0598df9ef51616e9c015a4f17918507259b22baf,89.20768243298389
0x372cc010c6677434739398463c6bc11e995ebf26,89.19535966807668
0xa7b95d2a2d10028cc4450e453151181cbcac74fc,89.18335846285322
0x2d19f32620f647d08fa8b9a0fa5206fae15c0ed5,89.16284700641759
0xe9fa0a8ded2afff8f867dfe820e52bc79cac0c79,89.15765362542174
0xdfb00d9a518d82c9141506bbc6fb1fe5e727f55c,89.14476698199731
0xe5a3d77d7788a83f3549dd7f08fc2aced7e262d2,89.13959208994594
0x1960d38799b4ca8677c27f9f4587380913a3ce54,89.13699503397709
0xd80c8da4b37cc49a5ef4521fccb56052378b1c78,89.12049492062896
0x9317e25590aaa62be015aff026702f3b960131a7,89.11962131069045
0xdf164e23284e615ae14db1d7a8b5375ffd0ff65e,89.10952264818212
0x23a49a9930f5b562c6b1096c3e6b5bec133e8b2e,89.10585529310569
0xb28cf9fcfaa079ff21ceddbfc7b4b2fb9c7bd70f,89.1056594808143
0xc08b8d37fcea0a2a3cf3b7120995577b309ec33d,89.09845355250823
0x19360799a15730fac556088793895aa7650ee442,89.08219350547127
0xf4ba1b19e8065adf06b1e168e919836730304b6c,89.07307727598005
0x4527c75dfc50a5390dc663f81b627c39e7b9acad,89.04487183452197
0xf7c751457363e84f5fda68e527b318468f334cec,89.03433786055298
0x81f7ef7586c7da8fdb0bb94032f3ad06ae21f644,89.02925847029357
0xf0b4fb521eee7561e746a2e01ef933c5a2225809,89.01075690180843
0xe80d953d0b4f2931549473e803c95f559b6ea58e,89.00301108092165
0xac79d6385ee06048665d619e63840d1168afa7e6,88.98781765596281
0x6370c6ca30253a2e188ae8dc8e9e852271983e7e,88.95571436155599
0x5a9c80f8af323177a03037674157d4120cc1f28b,88.94842847032147
0x9e3debb15bc97dcdb5ade6fe1ea171bd7256a5f1,88.92877307105759
0x4adfc40e1da6d62d93ff2d650be536c969af550e,88.91506302734527
0x5f82c97e9b1755237692a946ae814998bc0e2124,88.91478816628175
0x737284cfc66fd5989f2ac866989d70ae134227cb,88.90497452539985
0xfcf8dd90c50d2f7fd7b292ba6820ad09080442e4,88.89787003033074
0x6e476222618bcf99e2cfc5ae817cdf0e89a65f22,88.8900015879742
0xeb79ec79e69b82cf24bbb46ca3dfad86355b2738,88.86332737174948
0xf5c7231632aa9b344093d82deb864fa1c00b8bde,88.85133732045648
0x1a6db538813dbfa63e1f19f8804447187b7d401d,88.8361511535048
0x6a24327eba27b4640fdd65c2610457584fa1be14,88.82208796321379
0xb83470cd5850de7e5943c4decc5620d48e4adc9f,88.81353670145758
0xfeb79a4e213906571c20b6d6a1a3dc45d8355c1d,88.80823045455244
0xedfbdcacb9646e3c017321bfbc8c1bf82a8fc12f,88.80356164989443
0x3802746539177b3e0dbae6b105ee18ddb11298a3,88.75432311924479
0x2b356149ad5dc8970f8666706d32c171a13f15de,88.74882448967625
0xe264d4f4169ec460c86019b94e390d3957135b6b,88.74686698380955
0xe77884cddf148dd5f0e9191b33d8dbaddb16dfb5,88.72938988258777
0x8662f71896d5770e2991a2e6fc1836c5c5ba3a67,88.72548196037147
0x1d419c35db08d8bee2328e70251ec8766a11d71a,88.72118961931139
0x57ef012861c4937a76b5d6061be800199a2b9100,88.69706413494268
0xd2346dbe4fc52ecfdfeaccab5ef1efaa0851c21d,88.66636088864807
0x26913116f5173837ae66ed17337e5faec12474d0,88.66156206298467
0xa7f3dfed2bcf7b35a8824e11ae8f723650edfb58,88.63936177719266
0xe670c92e93f88761004f86b28c101cd8b9ca57a9,88.62890155646997
0x371ee509100af3eb863ed61b07825a50b60ab5c3,88.62137361617198
0x1bcfe4f499db23909a5ddc33d6e2d879531176ec,88.59264697878112
0xbabe31056c0fe1b704d811b2405f6e9f5ae5e59d,88.57629297062095
0xed60eac23f638d2c4e28ba681a0539b7e63a23bd,88.55409078248509
0xce00aeae34e4477c2b29d01c62ae6e8acd538add,88.54808050616757
0x4ab52791c736bc26d1933b4940ce8454e0474d03,88.54337407960968
0x8c1b091ab7dc0c08117b8be040d57d78fac8237d,88.52841638474584
0xb8eb4347b64999bd31498d3834833b383d59f4fe,88.52399681073419
0x9b430e71576c80ca852bc90a5ea672e9845aa060,88.52053974150051
0xd4a3fd0fed8ed7ca0caae7ee2a5fcacb8e4c42b8,88.51400477202681
0x563f254c673c3647339fc2688e44f5ba82dfc799,88.50801807089772
0x7a6ab4fe07d4b65a3a3b4a28cbde57ebaed9cd81,88.50377916106784
0x15da10cf7189f93b5062ac531ae71818be873bf6,88.5026292206811
0x06d57af6792edf066046aaf958d92ae5558e0e56,88.39098528893028
0x852d0f03389681cb713795648bc157e878562786,88.38846950338502
0xaaf4d001080b511df8ad90090c435ac1affc5a1a,88.34695559058468
0x54207b53c1d2c47b4e08722e8a0009994d57040a,88.3343558824121
0xbed4e3cd89918563a9ce4b04cf5379daf566bd53,88.3282148027006
0x55857b9a18e15a298136b3118af86bc9503b3eb5,88.3017061927533
0xe366d4ee1affbe1510cdd4190c02dd0ea7eb2419,88.29022277025894
0x8e5d30f161ba3ebb09dc3c1f06515656af34baa1,88.27066723926114
0x6f4cb27afbd5229a4bea46f2ab2c5c2e3aeb7ae6,88.23336219614916
0x53c3f93d5146b3c1dde50d20e6f0422747fb5b7b,88.19860512829756
0x1f35415acc8cc68108face8b5d607293bad6315e,88.19661638274084
0x003dc32fe920a4aaeed12dc87e145f030aa753f3,88.18487899696301
0xc608abab7762e4b14b5693d8aeb4e848551a0c9b,88.1841332839022
0x16ad4e68c2e1d312c01098d3e1cfc633b90dff46,88.14874967244481
0xf16d75faa453755891196fdc08819bc5527d5806,88.13149164511425
0xe2dcc6b25c17238c63a0faaa992fe949dc5d9e9e,88.12473549786304
0x0c31b6605686aa26df47eb45af0e4aa6639a5fd6,88.11372333855256
0x5e60c0a931d1901895a3ddf87f99640d4bf50403,88.10561465361538
0x958f5159b62a864419ee492008061fdef2e1f8d0,88.09809705920273
0xd918fe4229e53ecbf53de43c2a5b5e3aa735c341,88.09736843816307
0xd24e0a25b7a581d1adadd30c14b009047890e6f2,88.09446411024436
0xebbcc9b60e2b819f2758c205c8cd986133d21005,88.08423957589787
0xbf5b9bd197e9dbf3f2ce58e5b1c35b1bf383b5cc,88.0808138174674
0x0b3c69cd19831da372f682ca593668ce73afa537,88.05404911788293
0xf8e562f4f30c5dda0978857067d6585265da3437,88.05302551994181
0xe4b205c76b78cf72012d6040c33429dba9bbd19b,88.05214067163014
0xd7a5d688b07a997fdee9896289f9d7d0f02c1f74,88.04997438229356
0x9c14b155d57962c26e66bd7fd9794cae483c6555,88.0476126063474
0xa11b4c17f11c3517679477d218a2bc2fdcc6dd2c,88.04484248637189
0x9a7f8374f79b01a49393b4d0f1280b64807757b1,88.0447345278887
0xe2805dbecba90353dfbc5032d642165bd71bb3ba,88.0350908188546
0x9df06d2e25378f01a405c93310e289e8d06c9841,88.03421000378292
0x513d9f94272c36121adf4bece7ee8685e74305fa,88.02864720978184
0x9eb24c1ea221216158b7908179c13192fee89b4a,88.02471941250288
0x14559df3fbe66cab6f893d8dd53f7bfe68de9c65,88.01314620342285
0xe1c8917a4f45d50c6a66cd82a3f37f1a7d798746,88.00868896807198
0xa5c3a513645a9a00cb561fed40438e9dfe0d6a69,88.00300270833165
0xa59073c0e036edbdb5dc4e88f42bd9b32d6e968b,87.9964363458233
0x029d68ff4b05fc4102d8caa77e28c585a32cdd16,87.97271913900853
0xebe8e5d92957c947bdcf9970fdb9898632fdca80,87.96900531868116
0x7b325769124cce64277ebeb4d6fbce65276809be,87.95502659943942
0xdb15485f9d4397a1687cb3f4b372acb9794a923d,87.95197260998704
0xd8a62ad8a7efa8a3267932d2e478c026566fbe34,87.93864839818933
0xc2591ca855f201ffe773a3d9223031940ed04af3,87.91848944214001
0x45a9681f82a2ff9e9da45d8bef745416c51494d4,87.91785782080224
0x285306442cd985cab2c30515cfdab106fca7bc44,87.91393002340887
0xc485cf598a2f0cd43adbbccf4eee85a182746e4e,87.90382771580698
0xd9b99266c42d427bb3a64f30a0242bbeb41f6830,87.89613147177428
0x39b4c78fcad0dc158be86ee0f9f1b867fa6604f7,87.88426013072093
0x7d8e6cfb1b8709139631cac4cc458f63611ffdf8,87.87871493208638
0x1712808a5d99e8fa244079d50e2a3c46afcafb35,87.87337223086911
0xb609547d9a2d0fea521bb46893996c0739f3b6e9,87.87199172841666
0xa036fcb0c60022b2f8976e387f319c14369d0754,87.84702502349366
0x806add7659fd1fda4b1f2b981a90a12d3373b2fe,87.83567267689908
0x4d5c8e9f3cedd850f5bd017fef11a8f78c955c07,87.81874609978999
0xef764bac8a438e7e498c2e5fccf0f174c3e3f8db,87.79130672523105
0x0e0ec712b3912b5601216455a158cf18152cb62a,87.78200022375061
0x99d3cacc95d087a35e559a2242402695a1f93e12,87.77914941334791
0x4359bcfdd57c84481cd30233a752c1dc0fd32f11,87.76820922624707
0x0a719a1c3d997ee54ee317dd02617ed7edb53e00,87.75072240067405
0xe2850aeceac7e8d955813100098606bfd1a01fdb,87.74820147185322
0x301951f9bd3e21e404dd2a99a225aa38e0947ba1,87.69420606733664
0x6378584a7b7916b303fa9398f465f92647033be7,87.68747543691168
0x009b6817807c332b9445f5c9cf2ac94631fe876e,87.67996387782662
0xb9f7b3b5492f270f2ba1ff1b6661ed27e03d4132,87.65615123128968
0x22980545483189fa00cc8fbdbe4fd31598f217bf,87.65407399372512
0xd1edec711d5ea0b4b064b678ff4a13b2c2a5ce8b,87.65129300276344
0x3977504a7240f400d608f5b1c7f7299556b284c9,87.64729191705473
0xb210fa87b8b25c26648a4226ed0fdfaf5cfea736,87.6374416998499
0x2c6ddcc3c25edb41235cb1afb515390eec05dc82,87.6246996243873
0x5040baebb06a7699867574db0945f9c629b8b2be,87.60865502620669
0xab8791b0ae982187b4fb4ae4612bd4c29ec6c110,87.59347069091942
0x0693dbf1800f64b7343c40c3d7e64223319e6d57,87.56655664459903
0x2016e0f2b8c54eba03b6d782d2cc1c3ab8c43728,87.5639926607992
0xd6ceb05021ab37457bf9837da9f4c98828628fc7,87.5601099898658
0xc9004eb172a1cf5afca47f38bea59231fbe96406,87.55273776964812
0xf55e015769baac7e5861cba62ee775868c335cee,87.5389639478459
0xdcc896d48b17ecc88a9011057294eb0905bcb240,87.51689180591514
0x385d84a0e3d88e91e8e1a3a5aadcd759670c468a,87.50708545140945
0x9b5cf6637d71a82758bcaaa2ae5b6efd349c2a19,87.49678317699716
0x5e055693d6fee356abe3ff5960584b839184101e,87.49424630343779
0x80e7f0ac7cd653065a17c53ef3064332b4c20d4c,87.47917927582964
0xd441b7e82e11d66b981f879fb1d4720876ec941b,87.47470085300041
0x9a055dccade190792236bd2af9318f0313aa6b4c,87.4622407897287
0xff19ad332cc5bb32703a3058c6f93ce177cfbb08,87.46112574799102
0x00778a211057c47a9f8885750bbf48226771bcdc,87.461040559805
0xe34499e72176bc4ef70f32506380d9242e11a6e2,87.4513865599732
0x2577a8539cb2194acd72f035dbb691ce5f406d3f,87.41872062914496
0xbba03ac718c1e7951c3e21bb7b8160fa0c130651,87.3934247420409
0xecc996953e976a305ee585a9c7bbbcc85d1c467b,87.39295455185683
0x204d363bed977942e9ee1dbb24ad940b16cc02db,87.365361285382
0x51ba007818d8af72883d799233789a0d8d6dab69,87.36037967134766
0x879aff2c8d6e2f42f05441c4ae999e7815770bbd,87.33428642111038
0x8f9e6dd01128cc3c148902ebfa648bfcb68ad1ce,87.33165248754662
0xa7f56a6dd807d40fd24f6e0f56f1bcab7dcccaf4,87.32005879518812
0x60c514df3dd8bda1d67ca0f6e2d9184f4aefb279,87.31829230710392
0xffbc36636cffeee51593f6f8048f618138b5b793,87.30002320227099
0xf3f65a1862e8f4cf1b3f7b418ac45ef3084bd95c,87.29450396466383
0xbd086f196c010be4d487a6cd54dee584439a54ac,87.26120610416103
0x0c488c9a8118a5163635a6c7a248102980fda4ad,87.24820008398794
0xce5df252fe61e31937cc258ff53a3071e4fbad02,87.22983552206587
0xb1dc0916b43681b86ef90961042a3399d076b967,87.22743664596699
0xe1aa177276a304510b5168395dfade2de2e91479,87.21899443422969
0xa50ecb238bfa1b1c9050c58cf3e99c99260c4ed1,87.20234107069953
0xdcfa077f4fdd8295b2efafb5110bfa56e204a832,87.16927050664883
0x98e28650cf30e5aa1b7e9cdb258522ec3cb57614,87.16290526455676
0x0e1e3d1869116c657081c69b1610d731e5488006,87.14780010503547
0x9d204c1988afeec88aca81c6af6d74833189e392,87.13317416273759
0xb082ddfd74748b763f52f04558e5f814a56de67a,87.1288678117342
0x836fd05a18dc13aa8885a718278e6a316ecca1ff,87.11125381021144
0x0007808d13026d3245351759abc4f90a7bdd50de,87.10392660932071
0x2b32c3ecaf47ed3ad459565c472182f56414c9b2,87.09643232798992
0x071a79b04021baf1b6f32a5c233c7d01dbde0e0f,87.07038386556472
0xd3d555bb655acba9452bfc6d7cea8cc7b3628c55,87.06399919360261
0xbb22eb7e30b29f5e15f7eea19b3523e80b730509,87.05029507769503
0x55881723bec59e26a3749a4eace7dbc70a2b41bc,87.03168601967207
0x858ea8798f5cdb83b08e238a40374bb0e1a54978,87.0262049856069
0x6c35e3921e3598fff2c1ea23872681e6f2b08b3d,87.01430604526045
0xb3375a5c855d36c895f3c00e681be1094a5b9d4b,87.0032939294078
0x9da8e0f410c2efbadf1e7c4e1815d3757a5c4aff,86.99748021241149
0xefd0199657b444856e3259ed8e3c39ee43cf51dc,86.969855737938
0xb587e5af7d7131d5c0de77efda2979951dd6889c,86.95924913195599
0xbeefdbfb1747399fed162c3b588d43a094353bd5,86.95404563398448
0x3c019229b2dc7fac4b725040c86d12aac48e31d3,86.94296344775559
0xcbfd6ea8537b5a558aa058b603aa1256047f2ad5,86.93011483919045
0x8da5731881cb2cc502cf9e7e8e1a93a71907776f,86.91002743550688
0x0a5def83dc12ff5178b66a558465938b7424ee11,86.90928427126474
0x1d795c4f44ade46eff5a12bb70b1c75c4f1a214a,86.90521307694328
0xda81f406543d3a8ad6ed5a64037628af237a8256,86.90481598703701
0xea58392c30bb65355d555f772f6a5c69da564e61,86.90205236664126
0x7ef5774cb1cb4a6829a85738d4c6956e2edc5be4,86.89215574794348
0x1b976af94caa1d9b2fe5ed038ef9818dd6d48870,86.88630335484358
0x649094a529cdc53f1e8f4c05be0d284f4fe63408,86.86448825402
0xbe746b3639af3d3f3a743318f11ce4073e71f42d,86.84904615407068
0x18456bfb605e238af478e4af64bf5a2b5304a31e,86.8477603886191
0x0385f650cc068367fcdc2f9f739766f82405fd09,86.8311629618789
0x16ea1f673e01419ba9af51365b88138ac492489a,86.83091190366638
0xc4126a64c546677146ffb3f3d5a6f6d5a2f94df1,86.83015553781301
0x3fdfeed11ffa600e3ed61f522c5fe89c1b0620b0,86.82596831229442
0x1c7c13756d70a3150caaddf10861eb11634d2731,86.82577156904915
0xcd5f8fa45e0ca0937f86006b9ee8fe1eedee5fc4,86.76245272367163
0x7dac5dcc33e665640546d2db1d3fe88b27e0082f,86.73450493067534
0x4e421e523db0a79f8d55dc3dad8304f56a7d0213,86.72814188199935
0xab696f0470eebae1b17f556c3cc38f968fa9533f,86.72006862404999
0x565dcdcfe95b344d4fce2c649bc292625e5c20f9,86.71534001640453
0xf6b92a7fbfd0c93ee5bfec23241b5f0a233e3209,86.70148445779363
0xec3281124d4c2fca8a88e3076c1e7749cfecb7f2,86.69026937133208
0x7669be62b519160e94ed7d90ea7d728e956c875a,86.68609953645675
0x76e004cde65cb496387e9d7ff0b7150812d877a2,86.67428193605234
0x125f01528c157d362c3f42f2d817aec504c7e065,86.6692993241394
0xd5c91f3ef6610dd5b1428bf9a67e3c03323c65f8,86.62825017888052
0x50b49fec823a3d86050c91272bce7c8c0df4d71f,86.61774890120932
0x3584ca77ba08bd8b3fe4762e60eb284e37696829,86.61312356243546
0xd593193c672f5a8f999c0f3c8f2f46521fe84691,86.59916801178296
0xcc1e0a566dbd10869c071c811aba436357858f05,86.5945809157028
0xfc349f1426711757e26910285ee3e4c2f673250a,86.59181297547457
0x0645c4097ea0a49111afbc26b58612609183c927,86.5501960809004
0xb3696bfd947104624a838dd0ae1282756e47ea39,86.54737498954495
0x6f09ef3d1ece52e9c26e1ee2b004a93c7107ab0c,86.5320666600612
0x6f43578a5bc4c6c893bad3c1598b69d1fdfdc692,86.53124932433097
0x639e4bb8d28d477beba288da38696948df14d68e,86.53103101117283
0xe4b0fea2c1c6c90c356bfbbe04b7233a3f144c00,86.5051297514901
0x8212f2891f691b4f08db8884ac64c4ffb7dd157f,86.48767993913528
0x14f632059025ba0e2d710ec22cf0f1ca80df8576,86.47860493361418
0x7f5dcb103fec40f9ed4509753706f2f8a709ec3f,86.46684468792
0x0048800e4f0f43c4867a9326402c69c28cd23bc7,86.43783044375608
0x8526b4b58dbe41529237e623ab5867cfb50b7ccf,86.43079948583178
0x794dec90a3b9e399aad7839fa39c17a521977cdf,86.4229661635041
0xa1754f7c9f7faccc4e83c9c2a768b9dabeb4d50a,86.41353162609957
0xaa4523a4de7d7458a966696b2e26b192a8aa275c,86.40420672798477
0xa7a13659692239c143dae313a0116d5b5c18d26c,86.39393203425885
0x4aeee08c3187fa1ae768e6264898397f339ac334,86.39323207465937
0x56c935cac3d870b385724cae5eb8eea1505c777f,86.38116485762852
0xf17871042913d86d93d3ad7c5c5ccc5bd60cb5ac,86.33043044330945
0xcd47c8194c0ea6b938327cb82b4f5b9aa0941c61,86.32913406435055
0x67168517c1d0835147e2bd66e40a602e9fb9cbd9,86.3290818247067
0x297e625054f2bb2413d955435b390542fd60cca8,86.31127264433364
0xd3bb48f4f01876783ce5f67392c1fe05e1fa0918,86.29835267509324
0x540b3f3705ea15a75f759c74fa046dbb47d08981,86.2948764957874
0x8dbda9c366b501ec7324504d5de545f83aa89148,86.26870116162861
0x8e2b4f283e3828b41343c4b24549b5a5b36b6632,86.26311057460426
0x0bff4468bd9f6046b98bbbe8479c6b939397a6e2,86.26190818077181
0xfdfbb7bb1a8c9170729e4da73c73bda3e85469a7,86.25922575197087
0x43860346fcc6e32d26329ca4cb20ffae54c803d1,86.25589906236583
0xc5d16847874f3c47c5dfec353d01105896459d0f,86.24414049053037
0x0db5faedf553fe294e1ebccfba24317f672b234d,86.23960694440636
0x512fce9b07ce64590849115ee6b32fd40ec0f5f3,86.23806058655741
0x908d1c7b6d8fb62fa67d55eb7f76dc0e89c1cb4a,86.22804353099983
0x714c114cf2e3c3bf708bc272f269caa60d297097,86.22308208840256
0xed087c97da04bdb9d68a9ff0013b41fd145a000d,86.22140061413177
0x7fc823dba1c8b049c92a43eee758311470f6f5a0,86.20990737815455
0xb0dc796dd37e369121a092e8fd88f09a10a82cd0,86.20800843973592
0x683a42e5b414ae5cf79ece7e369ca5937fdcdc11,86.19563548428798
0x6169f1dc3375a38f9181651fecb26549a4498807,86.18689260809373
0x16ad3f1c89ae9042f61e2437fb81736f5d3a60c4,86.18602602347826
0xb06068f25c6b6944593a91d36a8e4f88985dd846,86.1659506356761
0x72c47b66738c20eec96c7184e881c035f29b3da6,86.15592609049952
0xbeaca5032834a805bd822c3c109fa8f3513f5eaa,86.15127096030217
0x5a6866c510e60c625543112e42304d4911256006,86.14842637019412
0x4308415cc35a883a593fd182c8a6f26250d46005,86.14025934755126
0x750d0162291a09397fcd46c75355a531c83ba26e,86.12633400171926
0x3660581fd4bce34ae6d9d29f619e9561564f20ea,86.10440001954834
0x010afb8548a5d1a3a3d62f58ca0a5a1329974206,86.08422489457827
0x38fb71db5975ae9adc1842bdc032a7b1ed10fc75,86.08092441908319
0xe64ea228db1527c0a4fea11877ad832fff692386,86.07244223927647
0xf1b62279dd4ff8d0af244bab1efc59b1d7f778a8,86.04579984280902
0xc94eb904b1fcf75f5921357802c07d3c64bc1eff,86.00904421924915
0xdfcd4f74729d858f98fe0028d05b27226f0e8bdb,86.00620058722322
0xb4af2a77dd98d083e9ab64b1a15f172191279f44,85.99388937301818
0x9939d74f7cc25f93dced7c9fa2cb8c76897f21fc,85.97641746665028
0x000be263b3ceb55d22ed9b40d7619f62c4862c80,85.96321331248066
0xfea0904acc8df0f3288b6583f60b86c36ea52acd,85.959902345989
0xec75e6ae612401d4188266eb731697339b9b0f36,85.95639851164748
0xa53a13a80d72a855481de5211e7654fabdfe3526,85.94965982912846
0x83fd884260b40c14d44d4b508193eda8c439b688,85.94876002161475
0xac11719dd03db03a4ee0825fe7888b09db42c736,85.91696483249865
0xd78099833dfee222d824c6260520c2d4339f6ffd,85.91586288484532
0x717ab1c60e79464ed2e2980a131fe5774b855789,85.88408401866002
0x825d4f26ac2f18dbd1fdee85c710abd6aaf78b7d,85.87903617341583
0xcdc65de2a7bc4b56d20e98a387c1528e58bf3441,85.8358299690364
0xb34f01dbcadb3ac64e14774e2943d3558b0f9a0d,85.82537553458043
0x6ce6afadd15996a6c3f3469105cb17e70b2d14f4,85.81979457569896
0x6ab615cf8decfc488186e54066fc10589c9293a3,85.7956957296338
0x9c05a5ac7269db20da14a3f5e532693f6b96765f,85.7380784562876
0x3a6d6e5e4b8c3e9bac29ed12c4243377e64f9b4a,85.72780547068956
0xdab02b8a30f1766f05ab309b5ff19f9641e2da6e,85.72044191130387
0x363116a1d6696fdc3d277775ee74297f4a79be20,85.71975347354017
0x01b29eb97ec05b81abd72b77035d99dc1b482c1a,85.70550798313967
0xd482a29319200288cef83a2c201b38ebe4e85bc2,85.70114196805196
0xcc896ace93c88746ec7dd09e1fc54ffe27fe66cd,85.69017844194396
0xcfe638ac45cc776cda727b3d388bc7bf0219523f,85.68910789814555
0x20d2619478c250fb8645fbe24d26e7e67defd07e,85.6607193093886
0xc46bbcd460b0a29ea753c6f166da4a24dd45b584,85.65655830427161
0x9df7c98c933a0cb409606a3a24b1660a70283542,85.65159397009978
0x531146f30be47bb171cb2039c25a4ae5d4fe164e,85.64928543958568
0x82393d1ba28d5ce715b18cbe16b882d5980b5288,85.64651121561397
0x083fc10ce7e97cafbae0fe332a9c4384c5f54e45,85.62897659444631
0x42b9df65b219b3dd36ff330a4dd8f327a6ada990,85.62891112393781
0xa248c8099d6763f5bfa7822677c367a568047bcd,85.627025849275
0x78f220dd23562de304e02431c5a72f01bf8c3ded,85.61844932734293
0x0b9b7a99308064bf1238dff693237429844fa623,85.60859419757011
0x2848b9f2d4faebaa4838c41071684c70688b455d,85.60413546277636
0x95655aae7f5079ac99d640f5b3633156b41e7108,85.59464708962531
0xaa95db6b03738794b6478ccd08626ca5335f4517,85.56481030361542
0x1268757e441481ee97f99ba28d624f261b3c14d5,85.54794900233922
0xf7aee6e4cad438d7ccb3599c5a2d5d694250afbc,85.5375957109998
0x09ae8298fb048e0c7b12f6ac0d38c6f0a2430e0b,85.52666656124744
0xe2d1ac886718d1d272e509ae4721617e6e6a1b88,85.50585813283112
0x9a1c5c0021ed04ec8e06d6d62415d862c22b2975,85.50420036876018
0xdb88b5b0df1eeb8d30263b7a1b31618b0bc61e3e,85.4965833045924
0x9e9bf7495369e73e76e0f41c00481b16a270711c,85.46777214929189
0x419e0d48a5d64e90205d1c28edcb7fab04a0a88d,85.46327280395423
0xc055845b369fea0e328f39e487115261635a75c5,85.46184872164783
0x96882d6f15b6470334d431da8347ee10b389f062,85.40169820716574
0x7077c42d295a5d6c6f120ffa3c371ffaf0a0b79a,85.37507381883204
0x3550aabed267d01c8a50f3649e3ef40374325b49,85.36292328744449
0xe65187714eb725c76012defd18ab7b495fb25f31,85.33471177283641
0x9edc97c4f8f87ac6c178d1a50db7bc60a0c4a491,85.33243966471183
0x87363ff605598806db84d53e0857f6b43e504d1c,85.3231256297147
0xc8355d0e2c265b2fe495ebbc0fc9ad992b40dc8f,85.31150473127455
0xe6f6f9492098aad009faa3f9b84f35c0b6ee7f3c,85.28298272757611
0x4794764b746913abe38dbc7a373022bfee5b4a06,85.2771885083948
0xf3d3ec934462730b389878448bdb191b529e9b9d,85.27135588296115
0x7d491f5fccb63261d2a6cbec67e5e8967ed8ac7c,85.26241246909947
0x45fbeba74005f56d3419538f2770a09b0629ecfc,85.23235856472044
0xf4698ee4f8969ea513c3d15ab3b7e4814767c9ed,85.20850312157839
0x09790784acf6b8bfe739163f1e2157329a5544f8,85.19366644116005
0x38227d153f7520e78ae9c9119974be6eececaa05,85.18846517508055
0xf4ae6165c3e05ae7426c5b5200e8b9a7565ac595,85.1825361698541
0x076c95c6cd2eb823acc6347fdf5b3dd9b83511e4,85.15055994455673
0xfb0fee3841eb328413307e905404cbbcdcff01cf,85.14888352955653
0x18de0bbaa2ec3dca4451b5a05d4a66cd245bbd91,85.13679002689855
0x641c0b2a037f81ce0414a830f479ac841e67d8b6,85.12977136187287
0x650a4c05028d0cd1694f1ddd4c8b8c0b2a92e410,85.11977244332455
0x8b5c2387ba1f401a8f1d7eea37fa8f9fea6969c1,85.08543283754523
0xbeda3510c457b9dd50f0e61c2595fb875575651d,85.07774050442868
0x93d30a4051df1363a11050dd5259494a609ed97e,85.05116131825912
0x7c81f6ef28412392b7f0771e903490131ab74da2,85.02711091885944
0x41af9ae8cc7f9bae07fc6fbacedbf810f6e18478,85.02247229630238
0xa486f09bfcf38735a9572958aa164692286652fd,84.99351090057722
0x9b66137da669f2e6277832a3d2c91edfe963e64c,84.9915589570257
0xb5d70109847cbc4aef541f4ad19c741f8b3dbe1e,84.985552063933
0x926ae30cd32d5856529c13378a9ecc404904993d,84.97440084109161
0x1a7e4c7ce76f0d744f5bbf4239b01d58aafb2483,84.95792170083729
0xe00d4fa460dc0712b194803c9700190579bf0078,84.95334762281117
0x9724749c7f1275a33cc9ad96e37c82c3135bff85,84.94886532796512
0x73317d56c0b905c78ffc4485b65323cce1dcf050,84.91309402309875
0x59432b754d7db823c591abd41ab34115d3cb2266,84.88245458454239
0xe0ad79cdd7d049c9c12afcbffa33c58e118c48b0,84.84931079636391
0x04e7f6c24ad0fc29224d4396e73b7d424503140b,84.83851252077682
0x77eb9812a8d380f63478211e011ee289d19931bd,84.83286356211921
0xcd813bc6cc37214897d5bc60417abcf6901afa49,84.83236958827345
0xc1115a27c6abc21a72c25141374810091cf7c39f,84.80799435700945
0x7ba2ff9e6244308bf2967e5c50cb4a0e56ae84e0,84.76927499231587
0x7f8e903f0b33793ee3eb3e1c96f1202bba65221d,84.74346271576727
0xc87968a7f12cbddb2a7f0a6df27b619cc5032859,84.69727593810414
0x16a9f22a182bffc81a19a100da0e762b017933f8,84.68320343667777
0xcc79da4558487033f9ad7db928377fa747e93309,84.67782777815005
0xea431dc0b54a79d1c22f63db97f5dff638390d98,84.64934163461233
0x89c15e1e3c53dd550c7ca64091d31db92bb94aa0,84.59671321834382
0xc9d60bff572994049821c1f93bb81e4f05b9fb4d,84.59283861795252
0x9c671ecf42501c241fd317a04b38e6c894f17b52,84.58103022190788
0xc8754296711f90fa9b1ee557bdd6c1727a034e4f,84.56412260273251
0xb7795377cd00ab0464a3f7b0850d6c920d2938ae,84.52255302137843
0x5e9cabc117d435ee63f08e56f2aebd0510b3bba8,84.52059052412594
0x0b013cca6335dd62353ca60ecec9c39b5227d270,84.51745943472517
0xacec78653275b9a220ed2ec7714d52d633d10a16,84.51007163621125
0x185cde0b0d7aadd3359f270de9de7e1195c58c40,84.49938021305233
0x64ae361c1c55f61a02d2c67a4c78457d5169ac56,84.44469168541545
0xb2a82a8f0223dcb5020d9c593977e172fb33165e,84.44073385289012
0xb43c9bd6b8fd1816daec30075000c5f0f1a7c9c5,84.43953461587238
0xbd3bf40beebea315327cf69ece02431338f7efe7,84.433108537243
0x3111327edd38890c3fe564afd96b4c73e8101747,84.43259455554349
0xf1bce30fc2f7d67300d813ae91a63cee24238fad,84.42471786218303
0xc07414f8fb3ee80dbf61f585abed4b8d001d17cd,84.38292705701251
0x24a8c6a987c8249bf507dd7638bd832b11a5b65c,84.35572300998183
0x8ef87cd7ed249de87f255cd99672b337cd24b4e4,84.35363346564404
0x3dfe9a6c5473d9f2b5bd3171860eedbdbb7b0124,84.31966816922186
0x54722bc4b823b9c46da6c6dc84f28df3e7eba07c,84.27891110470713
0xc255f2dfca4629d3f5a29df69ee3d3189cc0114e,84.25574688014946
0xd47df21207181152dffc749eb3a66d8d91eb204a,84.2375427509867
0x9b43f18a251f85d168ccbc25724818070795cfa6,84.2214838354097
0x7bbfef4689f03f632ca46382c0cefae4e8ce7bf0,84.21841662755217
0xa1998b821c37519889af52f95d1b9dd0d5167d6a,84.14668643111641
0x6aefef067b0514a49f6d87f6c89cec33862bc376,84.12904383054908
0xa36b808d080ad39d93b861599ff7ee7ff17bcaf3,84.08545942333417
0xee7e46d15df85d113d4f8b80a4d748c20fa625aa,84.05039062593731
0xa1bd817e13ed6bb524ed491cff76c83afec773ac,84.00305169816245
0x1af86eec2d46160b784ab7f4ff9c62ec7294d762,84.00284608631966
0x8ea7777724b5e74d7904a2ffc3a3dd1d0ab04fc4,83.99750155840768
0x6f59d07401bddcc9373779fee26dc407c45768ad,83.97510935246972
0x9b4fe6e006023ba449d6db9bc33c2732428a1f28,83.95536292278639
0xf8761adaea7ab8c12cdb35bfba35b12dd7e76164,83.92179924069818
0x4d37f28d2db99e8d35a6c725a5f1749a085850a3,83.91138778469983
0xcf6f40e87b0ae78e891ca4a552f24abfff733f80,83.87989715890694
0xb3b50e22f2d7db7838f0888791a7a7fd637e9164,83.86333560109513
0x0f05c46d5532337a9138508e0ae5839a080dd81c,83.86169815877417
0xac2ee30cbfbc1666be74160dd1af17d32a1db30b,83.82358250339014
0x7d33a161db5b1e7fb910ce124b347555d90bf59e,83.81283453248616
0x49fc009dffefa57260cf302ef32f5a2b82ab94de,83.81076060123839
0xbb3515f753b0172fe464f2c4d7193840c08b77c7,83.80016324515137
0x535574b576dc7057efda800056a257801e33632c,83.77744120819861
0xb3b1cf4a37a5ad7a3cea9d5b652ab106c9576b8a,83.75301428125461
0xcd7318f3c1cfccb46b5b28314d4d5ccb13da9273,83.72218514140476
0x0974483eb297472e469bf61ca7d936e859e90f74,83.71710497965688
0x7a937b0b8d5491fc5d626870c2e4f8e7f46acb62,83.6698152819745
0x7909c2883db0f3a7c2e36c19db241aa238a8be7a,83.66907865602244
0x879c2ee5adc372d0542d65d80ebfe647ac1a5f10,83.6251122110805
0xb027257430f0e4dc0fad2184ff4b415761e8db20,83.54113656713523
0x03cf046a623dcadb6e13d1ddb94741976ae525ed,83.53349003896854
0x4c4d962c26c0372229f7fa5760597acd52538cf7,83.48492997736034
0x22613c2a7c378868e3beb6657d0853c397c0c744,83.44754061347354
0xd05955436368c9659b7a1bdf8f0427ca8c193b11,83.44443490149003
0xc1ebf38c0353f7abc6aeb1356c9616b1ee2bcfcc,83.42972916265553
0xa00c99f5f955552742f1089ded88abdc74e67bac,83.42884345444986
0xc7f617bfbe2bdd0d113e77a5959e2b5bb5619846,83.36493467946143
0x83656a4a99d946dcc731cfabab079c823ba314c8,83.3556494092157
0xdd5de11ffecdfa2e337d67a7645d997ca921d9d1,83.32132127720318
0x964ad9e178184fc3865976dc7d3cad8eb1b373e3,83.31806901621934
0x0e94f1210151fbf7003924efa56f4a73f8f8f507,83.30907008892898
0xd19fe63217a41964875069b0e7f6131e5affe2ee,83.28700585929094
0xf116412407a9c607475f6bf8ab4b1f500b74ad0c,83.26308063706924
0x4098c501fcfe3370bd78d2f9c0798dccbcf993ea,83.24824371716197
0xd0c81e82abddf29c6505d660f5bebe60cdff03c5,83.23999560045417
0xc6e8accdfb5a93e170fcd71e7b662201e536bc68,83.23927040208014
0x7824282944b7cc7b8ef86ed9adbe21f49b247f97,83.22228614779536
0x469880d6013142ce79e6b795e6a9f3f564feaf7b,83.21691091721553
0x1a58a12d0331c5631e31a291df5d5817def29f77,83.18655272039838
0xed3f231cee05f16db1cd97b7aac4f285f3ca5b7f,83.16295444261677
0x37963907072ca1db9fa5b207f323a69f0f454fa7,83.1595110639076
0x6dd0c6a8c1360dc74f1badfee8a980c35bb1a340,83.14595194302942
0xc1040696df61bcb377ab27f71644447d08aa01f5,83.10718066675774
0x54900a355ab53686acc198553665c0fa6810fa0f,83.10029263766423
0x00f57b489bcc01e8526a645ac5880f40638a1e9a,83.10015777839119
0x444cb6f93d330aa57425d8b4ca4f83897e23f4ce,83.08603690141005
0x98390dc74aa2195174d937c92ec69bdf7e74bb6c,83.07619997207685
0x381a17eb78501498fa183c81648b4165826e1af7,83.07295583554432
0xf48e239bacc7cfd731570796a3aa4f324139c888,82.99335409946995
0x4b7ca5b6216f22559250ca677692b8c93a8683f2,82.99253883973338
0x260f2c7873d0bb7646e9a73fdedefe15a3b9405c,82.97017562875195
0x51b9d5d8b4c1b86f4dae48336bb89c7843b93dd0,82.9357061020304
0x4faa92fa62777854602897724efc8fc004b533e3,82.8751605386309
0x178662db0ea4aa03f3fef01b869627529ae2fa32,82.84424281097374
0x9a586521db706d1b626737d03c3f59fc1ced8df1,82.80731644375473
0x1b26c22c1493df1399d8efa113ef99bb27ab9eb7,82.80246905111507
0x7bc0ceafffc2f2322f07c3058ffbcc2fa7c2af7d,82.75612165245276
0x1f9aa698b3781ea29878036773a0df87f5325d98,82.74950428391176
0x08a9bc278d07ff55a344e9ed57cb57594e9ea9df,82.74646008536763
0x6d4090db32d7dd417668489964c05ed6811671f0,82.74579035899814
0xcffb1a7b1560cf72d6f86eb3fc7252be6ff1e020,82.73924157782403
0x76e6c4a0cce7146d45f3f441895798cd8c6ad032,82.73748578857152
0xb9b78523717e42494c2aa6ad07be9ccb4b09be7a,82.63083730594195
0x849f17c54d6dda08162ef328131048d95b9b2c71,82.60365689374653
0x10f02f04d44497d3fb4a7197bdd9198098a63257,82.60206786371947
0xafd76547db46ba920b25f5d1a523897d401a130a,82.57449854495366
0xb32a3c94556cf525e8ca749515762fd04d9525a3,82.55497903254187
0x1f5b671c77137e95026e71cbff71d7a6dbf72b63,82.51581742665306
0x368c98027725a1dda451811d611d9cd5476b3524,82.48031347115032
0x75ee955325dc910e48b2608a59598b31e7a82ed6,82.47337807679973
0xac6839669f1511c3a60020e42f2566d2eff0aed1,82.33518442279475
0xcd0c599f1b6709a026978a75e0ca2021446e2ed6,82.32298734742287
0xb9a8deae8115c7d7b8aed2ce4610c54e023e964f,82.24824394544169
0xe10fcdba98afebd0f2296a2c451034d4ca6d9079,82.21785549535012
0x6f45f069c49cfa308520482816700b21115be7a0,82.20812341989784
0xcb7f677834fbcc8e0645809e2021486f0741da09,82.19406005579738
0x5444a43aea36f3cf015aaf24a938ae6baee2614d,82.17876800362941
0x67746cfc850b0632c441c9e6466d5e4d669ab401,82.06976032952335
0x2826c63a8d316f8fb8db3ad9e834aa7188010b16,82.0455426785908
0x01e7f16e17c50d070eb66787f25ce3be405d6038,82.04350004995001
0xe7dfe56bfaa4ea4498ddd9afc3f4d35631def18a,82.02972538114311
0x6353ae85b67ea257f44642ce81dda8714094fdc0,81.95784803511361
0xf4b324796fc9baa362643e56853eaec81ec86249,81.91483087348543
0x91519989101d5d5f1a5a364a76194b15a9098a4d,81.89561790894035
0x5e01d9928ea32d1d3ae2f3263b6ec6c165dc2d76,81.79222846957809
0xf69e427017325ad714feab1fe3b8e8694ec018e6,81.78150408126528
0x8d026aa86107a8a32209c1d427bb92a03d69fd8a,81.77916659351442
0x9079a0a7e0ebee7650c8c9da2b6946e5a5b07c19,81.73553248609909
0x422a7a86a5a72c2a8d977fb4c3df1d24eb9ed830,81.7080098145717
0xe5998869c7ec6b901bc99eb4ea7c38fa5020f4e6,81.7033219328548
0xd7cd6143f331ab7688c0e4ab41f663c3c0358b27,81.68541959638382
0xb6277cb5a2abd2b296c1d7f61a8f24c2d4942f9f,81.64660690883127
0xcb7a8524cea0f54b4588d00757006aef0e6b2333,81.63181348412391
0x9e46ffd82439c6c6017541bd4ae9986b64eab5a2,81.61614463387366
0x9709a9f77d4349e1da4220f1458fbe9339d612e3,81.56718717308458
0x6a29b1cdcacca805ae635f7d01db74b5be58d663,81.56647670205103
0xa7c9b1962d47ecd2df6f6819af9bae3655728d62,81.56068510884207
0x4f42bc7a649e136d5fa6966a4587ccf17306f980,81.55951956736754
0xb15217fc398ed144ec91f258c8fcc5999ae7fede,81.55903765590884
0xeb23e02024b8b98dd988d39482ec4bc6d329199d,81.51714889579948
0x98ba97483c3bc8d5f1ee4e961a55fe372c19f08a,81.49671456630226
0xf8a099545c0f2c3d3e547c048c2f5589e53b54d5,81.48204048013284
0xfa03edb20a822e838ff0a517b6b87c64b8a7c04f,81.4767360085815
0x04b15ceb1106153abcd7e00a77f28d5bdf3c174d,81.42554501968722
0xa6b5b157670fc71dd34b3e4c8336fe72c0358c78,81.39823110293489
0xea37d99731ece99b9b0f0d87a4f83e7ec14380fc,81.2170583104628
0x5f16e88a1075b6ce24b90ad8315f75772704a40b,81.06036103793913
0x1a7b1085d20ca63e9f461969e21c021f92a7874d,80.96523229781654
0xf44b95991cadd73ed769454a03b3820997f00873,80.94298720924048
0x85d9d9d822be4d951b020b62502467b109a531ac,80.92821427930909
0x876b71aa426fad5127910d3cc792e818b8229cf1,80.87733534978992
0x6060ea8c8475d22450a09824bf53795ad08a61c5,80.84350964951076
0x8c606e6722bada4ee78147bb47acfff79f10eb50,80.82388753018509
0xc4d645532e0f009748c7951ee8e9119914cac25b,80.70137878209205
0x0215c1aa89283d755c6a79d99153b907dcfa73a4,80.61128315156131
0xf42c5c708e12eb4e46eb1c3da7dcff7957edaf07,80.59256336866885
0x8ba4d6af19c3d81aa007ca9476f726896dab14d0,80.31378430792843
0x63171073ceffe448a9324687d48d016ec3d8b4c6,80.24126276300588
0xeb38616ff63fd82eac754135e2068271ec8a2c1d,80.22255072876634
0xd5c01b2f8ab1e00b84fae74a354f57448f68d882,80.03320747384123
0x06642b98103e3679bd329df8e4c82f3821d27ee7,79.96536060012097
0x574ccf14154cc872e39ca074beba10d1c8add1ac,79.95628531988913
0xdfb934bfe4c4985aeca0946598d812f716ab9a6a,79.84378830361224
0x92f63630adce6948ae3fed5701d46cd5c62c7305,79.836842789883
0x564cbde1252fd0bdc145062f7ea2ac976704b5f3,79.72085022756723
0xb65b6cb75c7d558ca39dbb098f5b9a7b690164fc,79.55665007585056
0xddfef50c7919c1f331f6c0d018a277e40d58d511,79.5538892827543
0x3a42a8819ba3b31ef391ae4b8eb77cf8273fe764,79.5422660901114
0x6ea1eadb60d3c33113862035cf99fdc3854ca85e,79.45003432805055
0x894b9d839530e00ab9a3cd7a983951faeb7134dd,79.38941940331101
0x98207d10ec231c4ee3a27886b8ba64bc62674acf,79.37287989481561
0x4f80bdb1ad0ae62e1a7b156f4f89382135c81808,79.32849516354062
0x466e776bb1360590d43f0a44df4507144b73d4ca,79.14038973902856
0x7d463bb199eb9b7f7108566cc11d47224e54c481,79.08495299215228
0xa6db96e77ba9876eab90e0a2f98d32865fd5b780,78.98622373625571
0xf334ca06fc59d6bb0ec937e87e6ed59ff7ee8017,78.94926522475667
0x214e612ea50f2b38285e7d3a1aa429183f2f4a06,78.80361789754754
0x822cdf10f5e8276da05cd25bc66b9b7aa7a0fdb0,78.79964152062283
0xe99b1148e185d2b8e4e901f60c0230696d3fde2a,78.73156043608324
0x5ce259aedcd14038ad2c35ecaa7b6b2974d339ac,78.54943922339689
0xba2f752f7eccb6acffd73e532586050bf0a1fc32,78.5485089569649
0xc781be77bc2ed096d6bbba06842a235b08b7dde4,78.52571100292131
0x39bde2f9254cfef7d0487a27e107ef6c1685e44c,78.51722246765672
0xa1d2ae90d7b1f5910f332daa89911d84e5d26eda,78.42242220560823
0xb8b73911df9ad550db0a25267a31242a388ae8ea,78.33898025303728
0x30ed5773e9c1023a266483d7860a2b19fa4c736c,78.20362549622381
0x034a4081df0c5a039d05113a7d0b334083a7b084,78.11930016419603
0x310ce0f00b0d64989da96380a48e4409079c8d8e,78.05199550191176
0x39322594967022503ed1b161c7dbad3350767962,77.96881674185116
0x82f458f713ac9a366aa9c7e858f69454fde779e5,77.85172120310341
0x8d5f05270da470e015b67ab5042bdbe2d2fefb48,77.77897687185225
0x6ec440154dd9c34e01d54779d55cd861de77db59,77.72269224160353
0x53d51a2199344b0c83ec44e5d8134fb6169c1616,77.66257680384913
0xa9ed59f14903aa3409fd6765d053f186ac4d01ef,77.53966675424299
0x992cdb5ce8803aa88a7b9345cdfb7c8ab3456d5f,77.47113428831724
0xec8e446c52f2d4ac9048aff1813c636ac8334fc9,77.3417347424193
0x4806688dfccea461b645f08b9cd2f695999276f4,77.29479776927755
0x8a81126532a690e21debb35832cdda8b9c29fa26,77.19357717613349
0x8782696569cb4b825f6f1fb457c14dfb823187e4,77.15836872472916
0xfe211da6dcf2dc14218ab7ed59e5565ddccd72c9,77.07497404045716
0x8b26754becb2f0b00f64a4345da8e0f53ddab673,77.07126018184589
0x8119c1642d1b4b41081c380d001e0243e8dce876,77.04850031860785
0x0b773cd2430fabe8b8ecd6f204605314de1d8226,77.03590352927083
0xe00d58e8a4850f231c8482681657501d0e49703b,76.9822930824686
0x02318208d78abf27ffec35d4788e9a12de440d24,76.9794333181649
0x3d23ab914f5c6552689d824e7802e1b242e3f588,76.97387624358268
0x380e92c897b0856cc4ffdd0accc21ba01c9327e9,76.95926407443791
0x3e2dbda5f310aade1503557b2e7f356eaf161641,76.90655977615774
0x3cc93c0e48a4a3b021ac8aa253bd5cc5aff51f27,76.87779050014905
0xdb191c72f20b2bf3525364fbdbc64409f79951d0,76.69347777145717
0x6d3b804091ea0e848d77c403239d89230bee1dfc,76.54955507795677
0xf38c5cff3ef7040b5835d32f58e03f849beb4486,76.53777085813772
0x7905e1303ff125ca4625daf4bf17ac0d26bf53d2,76.47734799960263
0x3519c48df8f9e88fedf97039b82a2be2b7976297,76.43401391542862
0x3c87b4c34abdb615bd405458982e1a2076d24111,76.4070980298266
0x54a22a7712d9dd85c5953362c822390521bef0ec,76.39585385784187
0xd54be9da30b4213fc35a176225fffb45a90dbbc7,76.34168219256264
0x90c3729672a0b7a9bb7553e76c477cf873e3bc33,76.21417334987439
0x95ecc98de34d340bddba2fb6bab21b5c0c6b070e,76.20527787395194
0xe77552bd37a8703e4c54b4e3ff259418fd28a831,76.20276100977601
0x48aaca81c945e1e84da4d662e0de579522bef4c6,76.16442746576685
0x270e2a1df468b64e65a2167c1b55b6b7369046bf,76.14955443592095
0xd9a25a008d5e5973a7e439002327a62d56adaab5,76.13582476583464
0x38b7334d117b971dd45b417b847f8434f05f3014,76.12374568784615
0x8904d02315884b4a4847a3534c3b295274a54f4a,76.12276873824995
0x2fe555e0d573b4df1040d30ee209911583c2c9ef,76.059177392196
0x360efd9408c74203054505018ed2fc31fb77094e,76.03621479796226
0xcf90d6d26b8372f98a020bf187b30dc8fe8143ae,76.03433394986077
0x2b383cd753f25a2ebf314f84f44120bfe92f65cd,76.00657750869503
0x308c4a67eb1480e739cfc18d0fd8805c55dd8402,76.00626655126315
0xb5b4c4f6a656e6a9c1fc301b206b99af95215245,75.97840731619311
0x626dc1c3a2991dfc91973b68d4131ef8d1487513,75.95609164205904
0x598f8721f0e554933e6384cfedc13df733711077,75.90827870387537
0xe3cb4799dea19fafc0272a61b0aa89603554de28,75.90346964783635
0xc372a2c980c7bd722423a00e507a57926b0cb49f,75.89921898907302
0xe9f39293660b1b4919ab39f400817daa42422cc2,75.89280186808575
0x3d401fb42e2f5c1ac97120eac015dad48713cccd,75.84354908937408
0x7186ce946a1bc87680ff0ed8e5d684ad27b3734d,75.76887315051854
0x3bd856465321ead1605286938493169e9c9011cf,75.762640535925
0x3ee505ba316879d246a8fd2b3d7ee63b51b44fab,75.748851920137
0x0235ecaa45c4ce4abaf58c21e70c103d1bd745d7,75.67238854458148
0x0e7644049d4db2aeaaea2938aa634179cad5954d,75.63209361629642
0xca8119e97013879b273711e92eaf9b8e387d77f1,75.49259240034472
0xcaba1a66f0049ab97256d75eeb48d540a7a1f8ff,75.41503714931352
0x3f3a206662db588c741f95fccdd74d32ededbfff,75.3659424010908
0xa1df7157e5eb60c4f9bcffb6a2f725a4b6492ca7,75.21515251956238
0x9512e79aa38f53a6a758930400e2494bcb5bbf0a,75.17855658630133
0x606420fc17e08ce7d85a5068cede5542c0e47128,75.13107736518951
0x8f46901fc234cd942b88e6056ea58226207f4ca5,75.08541573643043
0xd00ae74b8a2a0b3c17636cdcf4c4e72149f2ee20,75.06844376215811
0x2235cd349113837ffc6d3e41ad8f64a84f3d20e5,74.89979367393687
0xe1447914f234eb30f8725b2f564e60a655e39cc0,74.8050786908903
0x25442048dafcba10c380649e6d371f8be2b877a8,74.73651805164924
0xe7e3f293ff5be247e336f5cdb493c9ace1011a35,74.71741267842509
0xc5c04a665048403b7d7f4f5f1b165cf64385d9c7,74.60387175699262
0xd6390178b2002a0758e8b3486fddc1c4bc23ebe1,74.57904194784449
